{
    "table":{
        "en": {
            "LANGUAGE_NAME": "English",
            "LANGUAGE": "Language",
            "INTERNET_CONNECTED": "We’ve just found the internet.",
            "INTERNET_DISCONNECTED": "We’re sorry, we can’t seem to connect to the Jackbox Games servers.<br />Please check that your internet connection is working properly.",
            "ROOM_DESTROYED": "We’re sorry, a network error occurred and your room was destroyed.<br />Please check that your internet connection is working properly.",
            "SOCKET_DISCONNECTED": "We’re sorry, we’ve lost your connection to the Jackbox Games servers.",
            "TIMEOUT": "We’re sorry, we can’t seem to connect to the Jackbox Games servers.<br />Please check that your internet connection is working properly.",
            "USER_DISCONNECT": "We’re sorry, the server has disconnected you. Please try again.",
            "LOST_LICENSE": "We’re sorry, we lost the license for this content!",
            "STEAM_ERROR": "We’re sorry, we couldn’t validate your Steam license.",
            "TWITCH_PRIME_ERROR": "We’re sorry, we couldn’t validate your Twitch license.",
            "LOST_DLC": "We’re sorry, the license for your DLC could not be found. Returning you to the menu...",
            "PAUSE_PAUSED": "PAUSED",
            "PAUSE_ARE_YOU_SURE": "DO YOU WANT TO EXIT?",
            "PAUSE_PROGRESS_LOST": "All current progress will be lost.",
            "PAUSE_YES": "EXIT",
            "PAUSE_NO": "RESUME",
            "CHOOSE_ON_DEVICE": "Choose on your device",
            "CLOSE": "CLOSE",
            "QUIT": "QUIT",
            "BACK": "BACK",
            "MENU_GAME_NAME_1": "QUIPLASH 3",
            "MENU_GAME_NAME_2": "THE DEVILS AND THE DETAILS",
            "MENU_GAME_NAME_3": "CHAMP’D UP",
            "MENU_GAME_NAME_4": "CURSED POINTS",
            "MENU_GAME_NAME_5": "BLATHER ’ROUND",
            "MENU_GAME_NAME_DISABLED": "??????????",
            "MENU_DLC": "DLC",
            "MENU_SETTINGS": "SETTINGS",
            "MENU_HOW_TO": "HOW-TO",
            "BADGE_TITLE_PLAYERS": "PLAYERS",
            "BADGE_TITLE_FAMILY_MODE": "FAMILY-FRIENDLY",
            "BADGE_TITLE_NOT_FAMILY_MODE": "NOT FAMILY-FRIENDLY",
            "BADGE_TITLE_AUDIENCE": "AUDIENCE",
            "BADGE_SUB_PLAYERS": "Use phones/tablets",
            "BADGE_SUB_FAMILY_MODE": "Optional",
            "BADGE_SUB_FAMILY_MODE_ALWAYS": "Always",
            "BADGE_SUB_NOT_FAMILY_MODE": "We mean it!",
            "BADGE_SUB_AUDIENCE": "Non-players can join",
            "INFO_DESCRIPTION_GAME_1": "The Threequel to the say-anything party game! Answer the prompts and make your friends laugh… hopefully.",
            "INFO_DESCRIPTION_GAME_2": "You're a family of devils who've moved to an average suburb. Can you survive the daily torture of human life?",
            "INFO_DESCRIPTION_GAME_3": "Enter the Scrawliseum, where characters fight over weird titles. Can you take down the heavy favorite?",
            "INFO_DESCRIPTION_GAME_4": "Give a speech about cursed pictures you haven't seen before. It doesn’t matter if it makes sense, it’s more fun if it doesn’t! Mod by the CapyParty team.",
            "INFO_DESCRIPTION_GAME_5": "A pop culture guessing game where nothing sounds quite right! It's a good fun time experience.",
            "INFO_DESCRIPTION_GAME_DISABLED": "??? ??????? ???? ? ????????? ????? ??????? ??????-???? ????.",
            "SETTINGS_TITLE": "SETTINGS",
            "FULL_SCREEN": "FULL-SCREEN MODE",
            "FULL_SCREEN_DESCRIPTION": "Make the game full-screen.",
            "VOLUME": "MASTER VOLUME",
            "VOLUME_DESCRIPTION": "Adjust the master volume.",
            "VOLUME_HOST": "HOST VOLUME",
            "VOLUME_HOST_DESCRIPTION": "Adjust the volume for the host.",
            "VOLUME_SFX": "SFX VOLUME",
            "VOLUME_SFX_DESCRIPTION": "Adjust the volume for sound effects.",
            "VOLUME_MUSIC": "MUSIC VOLUME",
            "VOLUME_MUSIC_DESCRIPTION": "Adjust the volume for the music.",
            "SETTINGS_TOGGLE_ON": "ON",
            "SETTINGS_TOGGLE_OFF": "OFF",
            "SETTINGS_CLOSE": "CLOSE",
            "HELP_CLOSE": "CLOSE",
            "HOW_TO_PANEL_0": "HOW TO PLAY JACKBOX GAMES",
            "HOW_TO_PANEL_1": "PICK THE GAME YOU WANT TO PLAY, <br />THEN LOOK FOR THE FOUR-LETTER ROOM CODE",
            "HOW_TO_PANEL_2": "WITH A PHONE OR TABLET, GO TO JACKBOX.TV <br />USING ANY INTERNET BROWSER",
            "HOW_TO_PANEL_3": "ENTER THE FOUR-LETTER ROOM CODE, <br />ENTER A NAME, AND PRESS PLAY. THAT’S IT!",
            "HOW_TO_PANEL_4": "THE FIRST PLAYER TO CONNECT IS THE ‘VIP’ <br />WHEN ALL PLAYERS ARE IN, THE ‘VIP’ STARTS THE GAME",
            "HOW_TO_PANEL_5": "UP TO 8 PEOPLE CAN PLAY, SOMETIMES MORE. <br />ALL JACKBOX GAMES ARE RATED ‘T FOR TEEN’",
            "HOW_TO_PANEL_6": "MANY GAMES HAVE A FAMILY-FRIENDLY MODE <br />ACCESSED THROUGH THE GAME’S SETTINGS MENU",
            "HOW_TO_PANEL_7": "FOR INFO ON GAME SETTINGS, PLAYING REMOTELY, <br />AND MORE, GO TO JACKBOXGAMES.COM/HowToPlay",
            "HELP_URL": "help.jackboxgames.com",
            "NEXT": "NEXT",
            "PREVIOUS": "PREVIOUS"
        },
        "fr": {},
        "it": {},
        "de": {},
        "es": {}
}
}
